{
	"movement_grid": {
		"type": "array",
		"orientation": "vertical",
		"margin": "0,0",
		"content": [
			{
				"type": "array",
				"orientation": "horizontal",
				"margin": "0,0",
				"content": [
					{
						"type": "itemgrid",
						"item_margin": "2, 2",
						"item_h_alignment": "center",
						"h_alignment": "left",
						"rows": [
							[
								"dash",
								"walljump"
							],
							[
								"slide",
								"slam"
							],
							[
								"clashitem"
							]
						]
					}
				]
			}
		]
	}
}