[
	{
		"name": "Hell",
		"chest_unopened_img": "/images/other/soul.png",
		"chest_opened_img": "/images/other/soulCollected.png",
		"children": [
			{
				"name": "0-1 INTO THE FIRE",
				"sections": [
					{
						"name": "Secret #1",
						"access_rules": ["$can_break_glass_wall"]
					},
					{
						"name": "Secret #2",
						"access_rules": []
					},
					{
						"name": "Secret #3",
						"access_rules": ["$jump_gen1"]
					},
					{
						"name": "Secret #4",
						"access_rules": ["$jump_gen1"]
					},
					{
						"name": "Secret #5",
						"access_rules": []
					},
					{
						"name": "Weapon",
						"access_rules": []
					},
					{
						"name": "Cleared 0-1",
						"access_rules": [],
						"hosted_item": "lvlcomplete"
					},
					{
						"name": "Get 5 kills with a single glass panel",
						"visibility_rules": ["challenge"],
						"access_rules": ["$can_break_glass"]
					},
					{
						"name": "P Rank",
						"visibility_rules": ["prank"],
						"access_rules": ["$good_weapon","arm1"]
					}
				],
				"map_locations": [
					{
						"map": "levelselect",
						"x": 76,
						"y": 117
					}
				]
			},
			{
				"name": "0-2 THE MEATGRINDER",
				"access_rules": ["0_2_access", "l0_access"],
				"sections": [
					{
						"name": "Secret #1",
						"access_rules": []
					},
					{
						"name": "Secret #2",
						"access_rules": []
					},
					{
						"name": "Secret #3",
						"access_rules": ["$secret3_0_2"]
					},
					{
						"name": "Secret #4",
						"access_rules": ["slide"]
					},
					{
						"name": "Secret #5",
						"access_rules": []
					},
					{
						"name": "Cleared 0-2",
						"access_rules": [],
						"hosted_item": "lvlcomplete"
					},
					{
						"name": "Beat the secret encounter",
						"visibility_rules": ["challenge"],
						"access_rules": ["slide,$good_weapon"]
					},
					{
						"name": "P Rank",
						"visibility_rules": ["prank"],
						"access_rules": ["$good_weapon"]
					}
				],
				"map_locations": [
					{
						"map": "levelselect",
						"x": 221,
						"y": 117
					}
				]
			},
			{
				"name": "0-3 DOUBLE DOWN",
				"access_rules": ["0_3_access", "l0_access"],
				"sections": [
					{
						"name": "Secret #1",
						"access_rules": ["$jump_gen1"]
					},
					{
						"name": "Secret #2",
						"access_rules": ["$can_break_wall","$challenge_0_3"]
					},
					{
						"name": "Secret #3",
						"access_rules": ["$can_break_wall"]
					},
					{
						"name": "Weapon",
						"access_rules": ["$good_weapon"]
					},
					{
						"name": "Cleared 0-3",
						"access_rules": ["$good_weapon,$can_break_wall","$good_weapon,$challenge_0_3"],
						"hosted_item": "lvlcomplete"
					},
					{
						"name": "Kill only 1 enemy",
						"visibility_rules": ["challenge"],
						"access_rules": ["$good_weapon,$challenge_0_3"]
					},
					{
						"name": "P Rank",
						"visibility_rules": ["prank"],
						"access_rules": ["$good_weapon,$can_break_wall"]
					}
				],
				"map_locations": [
					{
						"map": "levelselect",
						"x":363,
						"y":117
					}
				]
			},
			{
				"name": "0-4 A ONE-MACHINE ARMY",
				"access_rules": ["0_4_access", "l0_access"],
				"sections": [
					{
						"name": "Secret #1",
						"access_rules": ["$jump_gen1"]
					},
					{
						"name": "Secret #2",
						"access_rules": ["$can_break_glass"]
					},
					{
						"name": "Secret #3",
						"access_rules": ["slide"]
					},
					{
						"name": "Cleared 0-4",
						"access_rules": [],
						"hosted_item": "lvlcomplete"
					},
					{
						"name": "Slide uninterrupted for 17 seconds",
						"visibility_rules": ["challenge"],
						"access_rules": ["slide"]
					},
					{
						"name": "P Rank",
						"visibility_rules": ["prank"],
						"access_rules": ["$good_weapon"]
					}
				],
				"map_locations": [
					{
						"map": "levelselect",
						"x": 503,
						"y": 117
					}
				]
			},
			{
				"name": "0-5 CERBERUS",
				"access_rules": ["0_5_access", "l0_access"],
				"sections": [
					{
						"name": "Defeat the Cerberi",
						"visibility_rules": ["bossstd"],
						"access_rules": ["$level_0_5"]
					},
					{
						"name": "Cleared 0-5",
						"access_rules": ["$level_0_5"],
						"hosted_item": "lvlcomplete"
					},
					{
						"name": "Don’t inflict fatal damage to any enemy",
						"visibility_rules": ["challenge"],
						"access_rules": ["$level_0_5,$dash1"]
					},
					{
						"name": "P Rank",
						"visibility_rules": ["prank"],
						"access_rules": ["$good_weapon,$level_0_5"]
					}
				],
				"map_locations": [
					{
						"map": "levelselect",
						"x": 641,
						"y": 117
					}
				]
			},
			{
				"name": "1-1 HEART OF THE SUNRISE",
				"visibility_rules": ["skullsoff"],
				"access_rules": ["1_1_access","l1_access"],
				"sections": [
					{
						"name": "Secret #1",
						"access_rules": []
					},
					{
						"name": "Secret #2",
						"access_rules": []
					},
					{
						"name": "Secret #3",
						"access_rules": ["$has_fist"]
					},
					{
						"name": "Secret #4",
						"access_rules": ["$has_fist"]
					},
					{
						"name": "Secret #5",
						"access_rules": ["$has_fist,$jump_gen1"]
					},
					{
						"name": "Weapon",
						"access_rules": ["$has_fist"]
					},
					{
						"name": "Switch",
						"visibility_rules": ["lswitchon"],
						"access_rules": ["$has_fist,$jump_1_1"]
					},
					{
						"name": "Cleared 1-1",
						"access_rules": ["$has_fist","$has_revany1_fire2"],
						"hosted_item": "lvlcomplete"
					},
					{
						"name": "Complete the level in under 10 seconds",
						"visibility_rules": ["challenge"],
						"access_rules": ["$has_revany1_fire2"]
					},
					{
						"name": "P Rank",
						"visibility_rules": ["prank"],
						"access_rules": ["$good_weapon,$has_fist"]
					}
				],
				"map_locations": [
					{
						"map": "levelselect",
						"x":101,
						"y":326
					}
				]
			},
			{
				"name": "1-1 HEART OF THE SUNRISE (Skulls)",
				"visibility_rules": ["skullson"],
				"access_rules": ["1_1_access","l1_access"],
				"sections": [
					{
						"name": "Secret #1",
						"access_rules": []
					},
					{
						"name": "Secret #2",
						"access_rules": []
					},
					{
						"name": "Secret #3",
						"access_rules": ["$has_fist,1_1_rskull"]
					},
					{
						"name": "Secret #4",
						"access_rules": ["$has_fist,1_1_rskull"]
					},
					{
						"name": "Secret #5",
						"access_rules": ["$has_fist,$jump_gen1,1_1_rskull,1_1_bskull"]
					},
					{
						"name": "Weapon",
						"access_rules": ["$has_fist,1_1_rskull"]
					},
					{
						"name": "Switch",
						"visibility_rules": ["lswitchon"],
						"access_rules": ["$has_fist,$jump_1_1,1_1_rskull,1_1_bskull"]
					},
					{
						"name": "Cleared 1-1",
						"access_rules": ["$has_fist,1_1_rskull,1_1_bskull","$has_revany1_fire2"],
						"hosted_item": "lvlcomplete"
					},
					{
						"name": "Complete the level in under 10 seconds",
						"visibility_rules": ["challenge"],
						"access_rules": ["$has_revany1_fire2"]
					},
					{
						"name": "P Rank",
						"visibility_rules": ["prank"],
						"access_rules": ["$good_weapon,$has_fist,1_1_rskull,1_1_bskull"]
					}
				],
				"map_locations": [
					{
						"map": "levelselect",
						"x":101,
						"y":326
					}
				]
			},
			{
				"name": "1-2 THE BURNING WORLD",
				"visibility_rules": ["skullsoff"],
				"access_rules": ["1_2_access","l1_access"],
				"sections": [
					{
						"name": "Secret #1",
						"access_rules": []
					},
					{
						"name": "Secret #2",
						"access_rules": []
					},
					{
						"name": "Secret #3",
						"access_rules": ["$has_fist"]
					},
					{
						"name": "Secret #4",
						"access_rules": ["$has_fist","$can_zap"]
					},
					{
						"name": "Secret #5",
						"access_rules": ["$has_fist","$can_zap"]
					},
					{
						"name": "Defeat the Very Cancerous Rodent",
						"visibility_rules": ["bossex"],
						"access_rules": ["$can_break_wall_cancerous_rodent,$has_fist","$can_break_wall_cancerous_rodent,$can_zap"]
					},
					{
						"name": "Switch",
						"visibility_rules": ["lswitchon"],
						"access_rules": ["$can_break_wall_cancerous_rodent,$has_fist","$can_break_wall_cancerous_rodent,$can_zap"]
					},
					{
						"name": "Cleared 1-2",
						"access_rules": ["$has_fist","$can_zap"],
						"hosted_item": "lvlcomplete"
					},
					{
						"name": "Do not pick up any skulls",
						"visibility_rules": ["challenge"],
						"access_rules": ["$can_zap"]
					},
					{
						"name": "P Rank",
						"visibility_rules": ["prank"],
						"access_rules": ["$good_weapon, $has_fist"]
					}
				],
				"map_locations": [
					{
						"map": "levelselect",
						"x": 275,
						"y": 326
					}
				]
			},
			{
				"name": "1-2 THE BURNING WORLD (Skulls)",
				"visibility_rules": ["skullson"],
				"access_rules": ["1_2_access","l1_access"],
				"sections": [
					{
						"name": "Secret #1",
						"access_rules": []
					},
					{
						"name": "Secret #2",
						"access_rules": []
					},
					{
						"name": "Secret #3",
						"access_rules": ["$has_fist,1_2_bskull"]
					},
					{
						"name": "Secret #4",
						"access_rules": ["$has_fist,1_2_bskull,1_2_rskull","$can_zap"]
					},
					{
						"name": "Secret #5",
						"access_rules": ["$has_fist,1_2_bskull,1_2_rskull","$can_zap"]
					},
					{
						"name": "Defeat the Very Cancerous Rodent",
						"visibility_rules": ["bossex"],
						"access_rules": ["$can_break_wall_cancerous_rodent,$has_fist,1_2_bskull,1_2_rskull","$can_break_wall_cancerous_rodent,$can_zap"]
					},
					{
						"name": "Switch",
						"visibility_rules": ["lswitchon"],
						"access_rules": ["$can_break_wall_cancerous_rodent,$has_fist,1_2_bskull,1_2_rskull","$can_break_wall_cancerous_rodent,$can_zap"]
					},
					{
						"name": "Cleared 1-2",
						"access_rules": ["$has_fist,1_2_bskull,1_2_rskull","$can_zap"],
						"hosted_item": "lvlcomplete"
					},
					{
						"name": "Do not pick up any skulls",
						"visibility_rules": ["challenge"],
						"access_rules": ["$can_zap"]
					},
					{
						"name": "P Rank",
						"visibility_rules": ["prank"],
						"access_rules": ["$good_weapon, $has_fist,1_2_bskull,1_2_rskull"]
					}
				],
				"map_locations": [
					{
						"map": "levelselect",
						"x": 275,
						"y": 326
					}
				]
			},
			{
				"name": "1-3 HALLS OF SACRED REMAINS",
				"visibility_rules": ["skullsoff"],
				"access_rules": ["1_3_access","l1_access"],
				"sections": [
					{
						"name": "Secret #1",
						"access_rules": ["$can_break_glass"]
					},
					{
						"name": "Secret #2",
						"access_rules": []
					},
					{
						"name": "Secret #3",
						"access_rules": []
					},
					{
						"name": "Secret #4",
						"access_rules": ["slide"]
					},
					{
						"name": "Secret #5",
						"access_rules": ["slide"]
					},
					{
						"name": "Switch",
						"visibility_rules": ["lswitchon"],
						"access_rules": ["$has_fist,$good_weapon"]
					},
					{
						"name": "Cleared 1-1",
						"access_rules": ["$has_fist"],
						"hosted_item": "lvlcomplete"
					},
					{
						"name": "Beat the secret encounter",
						"visibility_rules": ["challenge"],
						"access_rules": ["$has_fist,$good_weapon"]
					},
					{
						"name": "P Rank",
						"visibility_rules": ["prank"],
						"access_rules": ["$has_fist,$good_weapon"]
					}
				],
				"map_locations": [
					{
						"map": "levelselect",
						"x": 451,
						"y": 326
					}
				]
			},
			{
				"name": "1-3 HALLS OF SACRED REMAINS (Skulls)",
				"visibility_rules": ["skullson"],
				"access_rules": ["1_3_access","l1_access"],
				"sections": [
					{
						"name": "Secret #1",
						"access_rules": ["$can_break_glass"]
					},
					{
						"name": "Secret #2",
						"access_rules": []
					},
					{
						"name": "Secret #3",
						"access_rules": []
					},
					{
						"name": "Secret #4",
						"access_rules": ["slide"]
					},
					{
						"name": "Secret #5",
						"access_rules": ["slide"]
					},
					{
						"name": "Switch",
						"visibility_rules": ["lswitchon"],
						"access_rules": ["$has_fist,1_3_bskull,1_3_rskull,$good_weapon"]
					},
					{
						"name": "Cleared 1-1",
						"access_rules": ["$has_fist,1_3_bskull","$has_fist,1_3_rskull"],
						"hosted_item": "lvlcomplete"
					},
					{
						"name": "Beat the secret encounter",
						"visibility_rules": ["challenge"],
						"access_rules": ["$has_fist,1_3_bskull,1_3_rskull,$good_weapon"]
					},
					{
						"name": "P Rank",
						"visibility_rules": ["prank"],
						"access_rules": ["$has_fist,1_3_bskull,$good_weapon","$has_fist,1_3_rskull,$good_weapon"]
					}
				],
				"map_locations": [
					{
						"map": "levelselect",
						"x": 451,
						"y": 326
					}
				]
			},
			{
				"name": "1-4 CLAIRE DE LUNE",
				"visibility_rules": ["skullsoff, lswitchoff"],
				"access_rules": ["1_4_access,$goal_not_1", "goal1,$goal_reach","l1_access,$goal_not_1"],
				"sections": [
					{
						"name": "V2's Arm",
						"access_rules": [""]
					},
					{
						"name": "Secret Weapon",
						"access_rules": ["1_1_access,1_2_access,1_3_access,$jump_1_1,$can_break_glass,$can_break_wall_cancerous_rodent,$good_weapon,$has_fist",
						"l1_access,$jump_1_1,$can_break_glass,$can_break_wall_cancerous_rodent,$good_weapon,$has_fist"]
					},
					{
						"name": "Defeat V2",
						"visibility_rules": ["bossstd"],
						"access_rules": ["$good_weapon"]
					},
					{
						"name": "Assemble Hank",
						"visibility_rules": ["hank"],
						"access_rules": ["$has_fist"]
					},
					{
						"name": "Cleared 1-4",
						"visibility_rules": ["1_4_access","l1_access"],
						"access_rules": [""],
						"hosted_item": "lvlcomplete"
					},
					{
						"name": "Goal Cleared",
						"visibility_rules": ["goal1,$goal_reach"],
						"access_rules": [""]
					},
					{
						"name": "Do not pick up any skulls",
						"visibility_rules": ["challenge"],
						"access_rules": ["$good_weapon"]
					},
					{
						"name": "P Rank",
						"visibility_rules": ["prank"],
						"access_rules": ["$good_weapon"]
					}
				],
				"map_locations": [
					{
						"map": "levelselect",
						"x": 628,
						"y": 326
					}
				]
			},
			{
				"name": "1-4 CLAIRE DE LUNE (Skulls)",
				"visibility_rules": ["skullson, lswitchoff"],
				"access_rules": ["1_4_access,$goal_not_1", "goal1,$goal_reach","l1_access,$goal_not_1"],
				"sections": [
					{
						"name": "V2's Arm",
						"access_rules": [""]
					},
					{
						"name": "Secret Weapon",
						"access_rules": ["1_1_access,1_2_access,1_3_access,$jump_1_1,$can_break_glass,$can_break_wall_cancerous_rodent,$good_weapon,$has_fist,1_1_bskull,1_1_rskull,1_3_bskull,1_3_rskull,1_2_bskull,1_2_rskull",
						"1_1_access,1_2_access,1_3_access,$jump_1_1,$can_break_glass,$can_break_wall_cancerous_rodent,$good_weapon,$has_fist,1_1_bskull,1_1_rskull,1_3_bskull,1_3_rskull,$can_zap",
						"l1_access,$jump_1_1,$can_break_glass,$can_break_wall_cancerous_rodent,$good_weapon,$has_fist,1_1_bskull,1_1_rskull,1_3_bskull,1_3_rskull,1_2_bskull,1_2_rskull",
						"l1_access,$jump_1_1,$can_break_glass,$can_break_wall_cancerous_rodent,$good_weapon,$has_fist,1_1_bskull,1_1_rskull,1_3_bskull,1_3_rskull,$can_zap"]
					},
					{
						"name": "Defeat V2",
						"visibility_rules": ["bossstd"],
						"access_rules": ["$good_weapon"]
					},
					{
						"name": "Assemble Hank",
						"visibility_rules": ["hank"],
						"access_rules": ["$has_fist,$has_1_4_skull"]
					},
					{
						"name": "Cleared 1-4",
						"visibility_rules": ["1_4_access","l1_access"],
						"access_rules": [""],
						"hosted_item": "lvlcomplete"
					},
					{
						"name": "Goal Cleared",
						"visibility_rules": ["goal1,$goal_reach"],
						"access_rules": [""]
					},
					{
						"name": "Do not pick up any skulls",
						"visibility_rules": ["challenge"],
						"access_rules": ["$good_weapon"]
					},
					{
						"name": "P Rank",
						"visibility_rules": ["prank"],
						"access_rules": ["$good_weapon"]
					}
				],
				"map_locations": [
					{
						"map": "levelselect",
						"x": 628,
						"y": 326
					}
				]
			},
			{
				"name": "1-4 CLAIRE DE LUNE (Switch)",
				"visibility_rules": ["skullsoff,lswitchon"],
				"access_rules": ["1_4_access,$goal_not_1", "goal1,$goal_reach","l1_access,$goal_not_1"],
				"sections": [
					{
						"name": "V2's Arm",
						"access_rules": [""]
					},
					{
						"name": "Secret Weapon",
						"access_rules": ["lswitch1,lswitch2,lswitch3,lswitch4"]
					},
					{
						"name": "Defeat V2",
						"visibility_rules": ["bossstd"],
						"access_rules": ["$good_weapon"]
					},
					{
						"name": "Switch",
						"visibility_rules": ["lswitches"],
						"access_rules": []
					},
					{
						"name": "Assemble Hank",
						"visibility_rules": ["hank"],
						"access_rules": ["$has_fist"]
					},
					{
						"name": "Cleared 1-4",
						"visibility_rules": ["1_4_access","l1_access"],
						"access_rules": [""],
						"hosted_item": "lvlcomplete"
					},
					{
						"name": "Goal Cleared",
						"visibility_rules": ["goal1,$goal_reach"],
						"access_rules": [""]
					},
					{
						"name": "Do not pick up any skulls",
						"visibility_rules": ["challenge"],
						"access_rules": ["$good_weapon"]
					},
					{
						"name": "P Rank",
						"visibility_rules": ["prank"],
						"access_rules": ["$good_weapon"]
					}
				],
				"map_locations": [
					{
						"map": "levelselect",
						"x": 628,
						"y": 326
					}
				]
			},
			{
				"name": "1-4 CLAIRE DE LUNE (Skulls, Switch)",
				"visibility_rules": ["skullson,lswitchon"],
				"access_rules": ["1_4_access,$goal_not_1", "goal1,$goal_reach","l1_access,$goal_not_1"],
				"sections": [
					{
						"name": "V2's Arm",
						"access_rules": [""]
					},
					{
						"name": "Secret Weapon",
						"access_rules": ["lswitch1,lswitch2,lswitch3,lswitch4"]
					},
					{
						"name": "Defeat V2",
						"visibility_rules": ["bossstd"],
						"access_rules": ["$good_weapon"]
					},
					{
						"name": "Switch",
						"visibility_rules": ["lswitches"],
						"access_rules": []
					},
					{
						"name": "Assemble Hank",
						"visibility_rules": ["hank"],
						"access_rules": ["$has_fist, $has_1_4_skull"]
					},
					{
						"name": "Cleared 1-4",
						"visibility_rules": ["1_4_access","l1_access"],
						"access_rules": [""],
						"hosted_item": "lvlcomplete"
					},
					{
						"name": "Goal Cleared",
						"visibility_rules": ["goal1,$goal_reach"],
						"access_rules": [""]
					},
					{
						"name": "Do not pick up any skulls",
						"visibility_rules": ["challenge"],
						"access_rules": ["$good_weapon"]
					},
					{
						"name": "P Rank",
						"visibility_rules": ["prank"],
						"access_rules": ["$good_weapon"]
					}
				],
				"map_locations": [
					{
						"map": "levelselect",
						"x": 628,
						"y": 326
					}
				]
			},
			{
				"name": "2-1 BRIDGEBURNER",
				"access_rules": ["2_1_access", "l2_access"],
				"sections": [
					{
						"name": "Secret #1",
						"access_rules": ["$secret1_2_1,$can_break_wall", "$slam_storage"]
					},
					{
						"name": "Secret #2",
						"access_rules": []
					},
					{
						"name": "Secret #3",
						"access_rules": ["$secret3_2_1"]
					},
					{
						"name": "Secret #4",
						"access_rules": []
					},
					{
						"name": "Secret #5",
						"access_rules": ["$bridge_and_tower_2_1"]
					},
					{
						"name": "Cleared 2-1",
						"access_rules": ["$bridge_and_tower_2_1"],
						"hosted_item": "lvlcomplete"
					},
					{
						"name": "Don't open any normal doors",
						"visibility_rules": ["challenge"],
						"access_rules": ["$challenge_2_1"]
					},
					{
						"name": "P Rank",
						"visibility_rules": ["prank"],
						"access_rules": ["$bridge_and_tower_2_1,$good_weapon"]
					}
				],
				"map_locations": [
					{
						"map": "levelselect",
						"x":101,
						"y":521
					}
				]
			},
			{
				"name": "2-2 DEATH AT 20,000 VOLTS",
				"access_rules": ["2_2_access", "l2_access"],
				"sections": [
					{
						"name": "Secret #1",
						"access_rules": ["$secret1_2_2"]
					},
					{
						"name": "Secret #2",
						"access_rules": ["$jump_gen1"]
					},
					{
						"name": "Secret #3",
						"access_rules": ["$jump_gen2"]
					},
					{
						"name": "Secret #4",
						"access_rules": ["slide"]
					},
					{
						"name": "Secret #5",
						"access_rules": ["$can_break_wall"]
					},
					{
						"name": "Weapon",
						"access_rules": []
					},
					{
						"name": "Cleared 2-2",
						"access_rules": [],
						"hosted_item": "lvlcomplete"
					},
					{
						"name": "Beat the level in under 60 seconds",
						"visibility_rules": ["challenge"],
						"access_rules": ["$challenge_2_2"]
					},
					{
						"name": "P Rank",
						"visibility_rules": ["prank"],
						"access_rules": ["$good_weapon"]
					}
				],
				"map_locations": [
					{
						"map": "levelselect",
						"x": 275,
						"y": 521
					}
				]
			},
			{
				"name": "2-3 SHEER HEART ATTACK",
				"visibility_rules": ["skullsoff"],
				"access_rules": ["2_3_access", "l2_access"],
				"sections": [
					{
						"name": "Secret #1",
						"access_rules": []
					},
					{
						"name": "Secret #2",
						"access_rules": ["slide"]
					},
					{
						"name": "Secret #3",
						"access_rules": ["$has_fist,$secret3_2_3"]
					},
					{
						"name": "Secret #4",
						"access_rules": ["$has_fist"]
					},
					{
						"name": "Secret #5",
						"access_rules": ["slide"]
					},
					{
						"name": "Cleared 2-3",
						"access_rules": ["$has_fist"],
						"hosted_item": "lvlcomplete"
					},
					{
						"name": "Don't touch any water",
						"visibility_rules": ["challenge"],
						"access_rules": ["$secret3_2_3,slide,$has_fist,$can_break_wall"]
					},
					{
						"name": "P Rank",
						"visibility_rules": ["prank"],
						"access_rules": ["$good_weapon,$has_fist"]
					}
				],
				"map_locations": [
					{
						"map": "levelselect",
						"x": 451,
						"y": 521
					}
				]
			},
{
				"name": "2-3 SHEER HEART ATTACK (Skulls)",
				"visibility_rules": ["skullson"],
				"access_rules": ["2_3_access", "l2_access"],
				"sections": [
					{
						"name": "Secret #1",
						"access_rules": []
					},
					{
						"name": "Secret #2",
						"access_rules": ["slide"]
					},
					{
						"name": "Secret #3",
						"access_rules": ["$has_fist,2_3_bskull,$secret3_2_3"]
					},
					{
						"name": "Secret #4",
						"access_rules": ["$has_fist,2_3_bskull"]
					},
					{
						"name": "Secret #5",
						"access_rules": ["slide"]
					},
					{
						"name": "Cleared 2-3",
						"access_rules": ["$has_fist,2_3_bskull,2_3_rskull","$secret3_2_3,$has_fist,2_3_bskull,slide"],
						"hosted_item": "lvlcomplete"
					},
					{
						"name": "Don't touch any water",
						"visibility_rules": ["challenge"],
						"access_rules": ["$secret3_2_3,slide,$has_fist,2_3_bskull,$can_break_wall"]
					},
					{
						"name": "P Rank",
						"visibility_rules": ["prank"],
						"access_rules": ["$good_weapon,$has_fist,2_3_bskull,2_3_rskull"]
					}
				],
				"map_locations": [
					{
						"map": "levelselect",
						"x": 451,
						"y": 521
					}
				]
			},
			{
				"name": "2-4 COURT OF THE CORPSE KING",
				"visibility_rules": ["skullsoff"],
				"access_rules": ["2_4_access,$goal_not_2", "goal2,$goal_reach", "l2_access,$goal_not_2"],
				"sections": [
					{
						"name": "Defeat the Corpse of King Minos",
						"visibility_rules": ["bossstd"],
						"access_rules": ["$has_fist, $good_weapon"]
					},
					{
						"name": "Cleared 2-4",
						"visibility_rules": ["2_4_access","l2_access"],
						"access_rules": ["$has_fist"],
						"hosted_item": "lvlcomplete"
					},
					{
						"name": "Goal Cleared",
						"visibility_rules": ["goal2,$goal_reach"],
						"access_rules": ["$has_fist"]
					},
					{
						"name": "Parry a punch",
						"visibility_rules": ["challenge"],
						"access_rules": ["$has_fist,arm0"]
					},
					{
						"name": "P Rank",
						"visibility_rules": ["prank"],
						"access_rules": ["$has_fist,$good_weapon"]
					}
				],
				"map_locations": [
					{
						"map": "levelselect",
						"x": 628,
						"y": 521
					}
				]
			},
			{
				"name": "2-4 COURT OF THE CORPSE KING (Skulls)",
				"visibility_rules": ["skullson"],
				"access_rules": ["2_4_access,$goal_not_2", "goal2,$goal_reach", "l2_access,$goal_not_2"],
				"sections": [
					{
						"name": "Defeat the Corpse of King Minos",
						"visibility_rules": ["bossstd"],
						"access_rules": ["$has_fist,2_4_bskull,2_4_rskull,$good_weapon"]
					},
					{
						"name": "Cleared 2-4",
						"visibility_rules": ["2_4_access","l2_access"],
						"access_rules": ["$has_fist,2_4_bskull,2_4_rskull"],
						"hosted_item": "lvlcomplete"
					},
					{
						"name": "Goal Cleared",
						"visibility_rules": ["goal2,$goal_reach"],
						"access_rules": ["$has_fist,2_4_bskull,2_4_rskull"]
					},
					{
						"name": "Parry a punch",
						"visibility_rules": ["challenge"],
						"access_rules": ["$has_fist,2_4_bskull,2_4_rskull,arm0"]
					},
					{
						"name": "P Rank",
						"visibility_rules": ["prank"],
						"access_rules": ["$has_fist,2_4_bskull,2_4_rskull,$good_weapon"]
					}
				],
				"map_locations": [
					{
						"map": "levelselect",
						"x": 628,
						"y": 521
					}
				]
			},
			{
				"name": "3-1 BELLY OF THE BEAST",
				"access_rules": ["3_1_access","l3_access"],
				"sections": [
					{
						"name": "Secret #1",
						"access_rules": []
					},
					{
						"name": "Secret #2",
						"access_rules": []
					},
					{
						"name": "Secret #3",
						"access_rules": []
					},
					{
						"name": "Secret #4",
						"access_rules": ["slide"]
					},
					{
						"name": "Secret #5",
						"access_rules": []
					},
					{
						"name": "Cleared 3-1",
						"access_rules": [],
						"hosted_item": "lvlcomplete"
					},
					{
						"name": "Kill a mindflayer in acid",
						"visibility_rules": ["challenge"],
						"access_rules": []
					},
					{
						"name": "P Rank",
						"visibility_rules": ["prank"],
						"access_rules": ["$good_weapon"]
					}
				],
				"map_locations": [
					{
						"map": "levelselect",
						"x":184,
						"y":734
					}
				]
			},
			{
				"name": "3-2 IN THE FLESH",
				"access_rules": ["3_2_access,$goal_not_3", "goal3,$goal_reach","l3_access,$goal_not_3"],
				"sections": [
					{
						"name": "Defeat Gabriel",
						"visibility_rules": ["bossstd"],
						"access_rules": ["$good_weapon,slide,$jump_3_2"]
					},
					{
						"name": "Cleared 3-2",
						"visibility_rules": ["3_2_access","l3_access"],
						"access_rules": ["slide,$jump_3_2"],
						"hosted_item": "lvlcomplete"
					},
					{
						"name": "Goal Cleared",
						"visibility_rules": ["goal3,$goal_reach"],
						"access_rules": ["slide,$jump_3_2"]
					},
					{
						"name": "Drop Gabriel in a pit",
						"visibility_rules": ["challenge"],
						"access_rules": ["$good_weapon,slide,$jump_3_2"]
					},
					{
						"name": "P Rank",
						"visibility_rules": ["prank"],
						"access_rules": ["$good_weapon,slide,$jump_3_2"]
					}
				],
				"map_locations": [
					{
						"map": "levelselect",
						"x": 536,
						"y": 734
					}
				]
			},
			{
				"name": "4-1 SLAVES TO POWER",
				"access_rules": ["4_1_access", "l4_access"],
				"sections": [
					{
						"name": "Secret #1",
						"access_rules": ["$dash1","$has_rock0_fire2"]
					},
					{
						"name": "Secret #2",
						"access_rules": ["$jump_gen1"]
					},
					{
						"name": "Secret #3",
						"access_rules": ["$jump_gen1"]
					},
					{
						"name": "Secret #4",
						"access_rules": ["$secret4_4_1"]
					},
					{
						"name": "Secret #5",
						"access_rules": ["$secret5_4_1"]
					},
					{
						"name": "Cleared 4-1",
						"access_rules": [],
						"hosted_item": "lvlcomplete"
					},
					{
						"name": "Don't activate any enemies",
						"visibility_rules": ["challenge"],
						"access_rules": ["$challenge_4_1"]
					},
					{
						"name": "P Rank",
						"visibility_rules": ["prank"],
						"access_rules": ["$good_weapon"]
					}
				],
				"map_locations": [
					{
						"map": "levelselect",
						"x":830,
						"y":326
					}
				]
			},
			{
				"name": "4-2 GOD DAMN THE SUN",
				"visibility_rules": ["skullsoff"],
				"access_rules": ["4_2_access", "l4_access"],
				"sections": [
					{
						"name": "Secret #1",
						"access_rules": []
					},
					{
						"name": "Secret #2",
						"access_rules": []
					},
					{
						"name": "Secret #3",
						"access_rules": []
					},
					{
						"name": "Secret #4",
						"access_rules": ["$jump_gen2","$has_revany2_fire2"]
					},
					{
						"name": "Secret #5",
						"access_rules": []
					},
					{
						"name": "Cleared 4-2",
						"access_rules": ["$jump_gen2","$has_revany2_fire2","$has_fist"],
						"hosted_item": "lvlcomplete"
					},
					{
						"name": "Kill the Insurrectionist in under 10 seconds",
						"visibility_rules": ["challenge"],
						"access_rules": ["$has_fist"]
					},
					{
						"name": "P Rank",
						"visibility_rules": ["prank"],
						"access_rules": ["$good_weapon, $has_fist"]
					}
				],
				"map_locations": [
					{
						"map": "levelselect",
						"x":1005,
						"y":326
					}
				]
			},
			{
				"name": "4-2 GOD DAMN THE SUN (Skulls)",
				"visibility_rules": ["skullson"],
				"access_rules": ["4_2_access", "l4_access"],
				"sections": [
					{
						"name": "Secret #1",
						"access_rules": []
					},
					{
						"name": "Secret #2",
						"access_rules": []
					},
					{
						"name": "Secret #3",
						"access_rules": []
					},
					{
						"name": "Secret #4",
						"access_rules": ["$jump_gen2","$has_revany2_fire2"]
					},
					{
						"name": "Secret #5",
						"access_rules": []
					},
					{
						"name": "Cleared 4-2",
						"access_rules": ["$jump_gen2","$has_revany2_fire2","$has_fist,4_2_bskull,4_2_rskull"],
						"hosted_item": "lvlcomplete"
					},
					{
						"name": "Kill the Insurrectionist in under 10 seconds",
						"visibility_rules": ["challenge"],
						"access_rules": ["$has_fist,4_2_bskull,4_2_rskull"]
					},
					{
						"name": "P Rank",
						"visibility_rules": ["prank"],
						"access_rules": ["$good_weapon, $has_fist,4_2_bskull,4_2_rskull"]
					}
				],
				"map_locations": [
					{
						"map": "levelselect",
						"x":1005,
						"y":326
					}
				]
			},
			{
				"name": "4-3 A SHOT IN THE DARK",
				"visibility_rules": ["skullsoff"],
				"access_rules": ["4_3_access", "l4_access"],
				"sections": [
					{
						"name": "Secret #1",
						"access_rules": ["$level_4_3"]
					},
					{
						"name": "Secret #2",
						"access_rules": ["$level_4_3,slide"]
					},
					{
						"name": "Secret #3",
						"access_rules": ["$level_4_3"]
					},
					{
						"name": "Secret #4",
						"access_rules": ["$level_4_3,$can_break_wall"]
					},
					{
						"name": "Secret #5",
						"access_rules": ["$level_4_3,slide"]
					},
					{
						"name": "Defeat the Mysterious Druid Knight (& Owl)",
						"visibility_rules": ["bossex"],
						"access_rules": ["$level_4_3,$can_break_wall,$can_punch"]
					},
					{
						"name": "Cleared 4-3",
						"access_rules": ["$level_4_3,$has_fist"],
						"hosted_item": "lvlcomplete"
					},
					{
						"name": "Don't pick up the torch",
						"visibility_rules": ["challenge"],
						"access_rules": ["$has_sho0_fire2,$has_fist","$pro_boost,$has_fist"]
					},
					{
						"name": "P Rank",
						"visibility_rules": ["prank"],
						"access_rules": ["$good_weapon,$level_4_3,$has_fist"]
					}
				],
				"map_locations": [
					{
						"map": "levelselect",
						"x":1179,
						"y":326
					}
				]
			},
			{
				"name": "4-3 A SHOT IN THE DARK (Skulls)",
				"visibility_rules": ["skullson"],
				"access_rules": ["4_3_access", "l4_access"],
				"sections": [
					{
						"name": "Secret #1",
						"access_rules": ["$level_4_3"]
					},
					{
						"name": "Secret #2",
						"access_rules": ["$level_4_3,slide"]
					},
					{
						"name": "Secret #3",
						"access_rules": ["$level_4_3"]
					},
					{
						"name": "Secret #4",
						"access_rules": ["$level_4_3,$can_break_wall"]
					},
					{
						"name": "Secret #5",
						"access_rules": ["$level_4_3,slide"]
					},
					{
						"name": "Defeat the Mysterious Druid Knight (& Owl)",
						"visibility_rules": ["bossex"],
						"access_rules": ["$level_4_3,$can_break_wall,$can_punch,4_3_bskull"]
					},
					{
						"name": "Cleared 4-3",
						"access_rules": ["$level_4_3,$has_fist"],
						"hosted_item": "lvlcomplete"
					},
					{
						"name": "Don't pick up the torch",
						"visibility_rules": ["challenge"],
						"access_rules": ["$has_sho0_fire2,$has_fist,4_3_bskull","$pro_boost,$has_fist,4_3_bskull"]
					},
					{
						"name": "P Rank",
						"visibility_rules": ["prank"],
						"access_rules": ["$good_weapon,$level_4_3,$has_fist"]
					}
				],
				"map_locations": [
					{
						"map": "levelselect",
						"x":1179,
						"y":326
					}
				]
			},
			{
				"name": "4-4 CLAIRE DE SOLEIL",
				"visibility_rules": ["skullsoff"],
				"access_rules": ["4_4_access,$goal_not_4", "goal4,$goal_reach", "l4_access,$goal_not_4"],
				"sections": [
					{
						"name": "V2's Other Arm",
						"visibility_rules": [],
						"access_rules": ["$good_weapon, $level_4_4"]
					},
					{
						"name": "Secret Weapon",
						"access_rules": ["arm2,$can_zap"]
					},
					{
						"name": "Defeat V2",
						"visibility_rules": ["bossstd"],
						"access_rules": ["$good_weapon, $level_4_4"]
					},
					{
						"name": "Cleared 4-4",
						"visibility_rules": ["4_4_access","l4_access"],
						"access_rules": ["arm2, $level_4_4"],
						"hosted_item": "lvlcomplete"
					},
					{
						"name": "Goal Cleared",
						"visibility_rules": ["goal4,$goal_reach"],
						"access_rules": ["arm2, $level_4_4"]
					},
					{
						"name": "Reach the boss room in 18 seconds",
						"visibility_rules": ["challenge"],
						"access_rules": ["$good_weapon,arm2,$dash2"]
					},
					{
						"name": "P Rank",
						"visibility_rules": ["prank"],
						"access_rules": ["$good_weapon, $level_4_4, arm2"]
					}
				],
				"map_locations": [
					{
						"map": "levelselect",
						"x":1357 ,
						"y":326 
					}
				]
			},
			{
				"name": "4-4 CLAIRE DE SOLEIL (Skulls)",
				"visibility_rules": ["skullson"],
				"access_rules": ["4_4_access,$goal_not_4", "goal4,$goal_reach", "l4_access,$goal_not_4"],
				"sections": [
					{
						"name": "V2's Other Arm",
						"visibility_rules": [],
						"access_rules": ["$good_weapon, $level_4_4skull"]
					},
					{
						"name": "Secret Weapon",
						"access_rules": ["arm2,$can_zap,4_4_bskull"]
					},
					{
						"name": "Defeat V2",
						"visibility_rules": ["bossstd"],
						"access_rules": ["$good_weapon, $level_4_4skull"]
					},
					{
						"name": "Cleared 4-4",
						"visibility_rules": ["4_4_access","l4_access"],
						"access_rules": ["arm2, $level_4_4skull"],
						"hosted_item": "lvlcomplete"
					},
					{
						"name": "Goal Cleared",
						"visibility_rules": ["goal4,$goal_reach"],
						"access_rules": ["arm2, $level_4_4skull"]
					},
					{
						"name": "Reach the boss room in 18 seconds",
						"visibility_rules": ["challenge"],
						"access_rules": ["$good_weapon,arm2,$dash2,4_4_bskull"]
					},
					{
						"name": "P Rank",
						"visibility_rules": ["prank"],
						"access_rules": ["$good_weapon, $level_4_4skull, arm2"]
					}
				],
				"map_locations": [
					{
						"map": "levelselect",
						"x":1357 ,
						"y":326 
					}
				]
			},
			{
				"name": "4-S CLASH OF THE BRANDICOOT",
				"visibility_rules": ["clash"],
				"access_rules": ["4_2_access", "l4_access"],
				"sections": [
					{
						"name": "Destroy all crates",
						"access_rules": ["$jump_gen2","$has_revany2_fire2,$has_fist"]
					}
				],
				"map_locations": [
					{
						"map": "levelselect",
						"x":1358,
						"y":221
					}
				]
			},
			{
				"name": "5-1 IN THE WAKE OF POSEIDON",
				"visibility_rules": ["skullsoff"],
				"access_rules": ["5_1_access","l5_access"],
				"sections": [
					{
						"name": "Secret #1",
						"access_rules": ["$level_5_1,slide"]
					},
					{
						"name": "Secret #2",
						"access_rules": ["$level_5_1,slide"]
					},
					{
						"name": "Secret #3",
						"access_rules": ["$level_5_1,slide"]
					},
					{
						"name": "Secret #4",
						"access_rules": ["$level_5_1,slide"]
					},
					{
						"name": "Secret #5",
						"access_rules": ["$level_5_1,slide,$has_fist"]
					},
					{
						"name": "Cleared 5-1",
						"access_rules": ["$level_5_1,slide,$has_fist"],
						"hosted_item": "lvlcomplete"
					},
					{
						"name": "Don't touch any water",
						"visibility_rules": ["challenge"],
						"access_rules": ["$challenge_5_1"]
					},
					{
						"name": "P Rank",
						"visibility_rules": ["prank"],
						"access_rules": ["$good_weapon,$level_5_1,slide,$has_fist"]
					}
				],
				"map_locations": [
					{
						"map": "levelselect",
						"x":830,
						"y":521
					}
				]
			},
			{
				"name": "5-1 IN THE WAKE OF POSEIDON (Skulls)",
				"visibility_rules": ["skullson"],
				"access_rules": ["5_1_access","l5_access"],
				"sections": [
					{
						"name": "Secret #1",
						"access_rules": ["$level_5_1,slide"]
					},
					{
						"name": "Secret #2",
						"access_rules": ["$level_5_1,slide"]
					},
					{
						"name": "Secret #3",
						"access_rules": ["$level_5_1,slide"]
					},
					{
						"name": "Secret #4",
						"access_rules": ["$level_5_1,slide"]
					},
					{
						"name": "Secret #5",
						"access_rules": ["$level_5_1,slide,$has_fist,$has_5_1_skull"]
					},
					{
						"name": "Cleared 5-1",
						"access_rules": ["$level_5_1,slide,$has_fist,$has_5_1_skull"],
						"hosted_item": "lvlcomplete"
					},
					{
						"name": "Don't touch any water",
						"visibility_rules": ["challenge"],
						"access_rules": ["$challenge_5_1,$has_5_1_skull"]
					},
					{
						"name": "P Rank",
						"visibility_rules": ["prank"],
						"access_rules": ["$good_weapon,$level_5_1,slide,$has_fist,$has_5_1_skull"]
					}
				],
				"map_locations": [
					{
						"map": "levelselect",
						"x":830,
						"y":521
					}
				]
			},
			{
				"name": "5-2 WAVES OF THE STARLESS SEA",
				"visibility_rules": ["skullsoff"],
				"access_rules": ["5_2_access","l5_access"],
				"sections": [
					{
						"name": "Secret #1",
						"access_rules": ["slide","$has_rock0_fire2"]
					},
					{
						"name": "Secret #2",
						"access_rules": ["slam","$dash1"]
					},
					{
						"name": "Secret #3",
						"access_rules": ["slam","$dash1"]
					},
					{
						"name": "Secret #4",
						"access_rules": ["slam,$jump_gen1","$dash1,$jump_gen1"]
					},
					{
						"name": "Secret #5",
						"access_rules": ["$has_fist,$can_break_idol,slam","$has_fist,$can_break_idol,$dash1"]
					},
					{
						"name": "Cleared 5-2",
						"access_rules": ["$has_fist,$can_break_idol,slam","$has_fist,$can_break_idol,$dash1"],
						"hosted_item": "lvlcomplete"
					},
					{
						"name": "Don't fight the ferryman",
						"visibility_rules": ["challenge"],
						"access_rules": ["$has_fist,$can_break_idol,slam,$has_revany1_fire2","$has_fist,$can_break_idol,$dash1,$has_revany1_fire2"]
					},
					{
						"name": "P Rank",
						"visibility_rules": ["prank"],
						"access_rules": ["$has_fist,$can_break_idol,slam,$good_weapon","$has_fist,$can_break_idol,$dash1,$good_weapon"]
					}
				],
				"map_locations": [
					{
						"map": "levelselect",
						"x":1005,
						"y":521
					}
				]
			},
			{
				"name": "5-2 WAVES OF THE STARLESS SEA (Skulls)",
				"visibility_rules": ["skullson"],
				"access_rules": ["5_2_access","l5_access"],
				"sections": [
					{
						"name": "Secret #1",
						"access_rules": ["slide","$has_rock0_fire2"]
					},
					{
						"name": "Secret #2",
						"access_rules": ["slam","$dash1"]
					},
					{
						"name": "Secret #3",
						"access_rules": ["slam","$dash1"]
					},
					{
						"name": "Secret #4",
						"access_rules": ["slam,$jump_gen1","$dash1,$jump_gen1"]
					},
					{
						"name": "Secret #5",
						"access_rules": ["$has_fist,$can_break_idol,slam,5_2_bskull,5_2_rskull","$has_fist,$can_break_idol,$dash1,5_2_bskull,5_2_rskull"]
					},
					{
						"name": "Cleared 5-2",
						"access_rules": ["$has_fist,$can_break_idol,slam,5_2_bskull,5_2_rskull","$has_fist,$can_break_idol,$dash1,5_2_bskull,5_2_rskull"],
						"hosted_item": "lvlcomplete"
					},
					{
						"name": "Don't fight the ferryman",
						"visibility_rules": ["challenge"],
						"access_rules": ["$has_fist,$can_break_idol,slam,$has_revany1_fire2,5_2_bskull,5_2_rskull","$has_fist,$can_break_idol,$dash1,$has_revany1_fire2,5_2_bskull,5_2_rskull"]
					},
					{
						"name": "P Rank",
						"visibility_rules": ["prank"],
						"access_rules": ["$has_fist,$can_break_idol,slam,$good_weapon,5_2_bskull,5_2_rskull","$has_fist,$can_break_idol,$dash1,$good_weapon,5_2_bskull,5_2_rskull"]
					}
				],
				"map_locations": [
					{
						"map": "levelselect",
						"x":1005,
						"y":521
					}
				]
			},
			{
				"name": "5-3 SHIP OF FOOLS",
				"visibility_rules": ["skullsoff"],
				"access_rules": ["5_3_access","l5_access"],
				"sections": [
					{
						"name": "Secret #1",
						"access_rules": ["$has_fist"]
					},
					{
						"name": "Secret #2",
						"access_rules": ["$good_weapon"]
					},
					{
						"name": "Secret #3",
						"access_rules": ["$has_fist"]
					},
					{
						"name": "Secret #4",
						"access_rules": ["$has_fist,$can_break_idol"]
					},
					{
						"name": "Secret #5",
						"access_rules": ["$has_fist,$can_break_idol"]
					},
					{
						"name": "Weapon",
						"access_rules": ["$has_fist,$can_break_idol"]
					},
					{
						"name": "Assemble Hank Jr.",
						"visibility_rules": ["hank"],
						"access_rules": ["$has_fist,$can_break_idol"]
					},
					{
						"name": "Cleared 5-3",
						"access_rules": ["$has_fist,$can_break_idol"],
						"hosted_item": "lvlcomplete"
					},
					{
						"name": "Don't touch any water",
						"visibility_rules": ["challenge"],
						"access_rules": ["$has_fist,$can_break_idol,slide,$dash3,$jump_gen2"]
					},
					{
						"name": "P Rank",
						"visibility_rules": ["prank"],
						"access_rules": ["$good_weapon,$has_fist,$can_break_idol"]
					}
				],
				"map_locations": [
					{
						"map": "levelselect",
						"x":1179,
						"y":521
					}
				]
			},
			{
				"name": "5-3 SHIP OF FOOLS (Skulls)",
				"visibility_rules": ["skullson"],
				"access_rules": ["5_3_access","l5_access"],
				"sections": [
					{
						"name": "Secret #1",
						"access_rules": ["$has_fist, 5_3_bskull"]
					},
					{
						"name": "Secret #2",
						"access_rules": ["$good_weapon"]
					},
					{
						"name": "Secret #3",
						"access_rules": ["$has_fist, 5_3_bskull, 5_3_rskull"]
					},
					{
						"name": "Secret #4",
						"access_rules": ["$has_fist,$can_break_idol,5_3_bskull","$has_fist,$can_break_idol,5_3_rskull"]
					},
					{
						"name": "Secret #5",
						"access_rules": ["$has_fist,$can_break_idol,5_3_bskull","$has_fist,$can_break_idol,5_3_rskull"]
					},
					{
						"name": "Weapon",
						"access_rules": ["$has_fist,$can_break_idol,5_3_bskull","$has_fist,$can_break_idol,5_3_rskull"]
					},
					{
						"name": "Assemble Hank Jr.",
						"visibility_rules": ["hank"],
						"access_rules": ["$has_fist,$can_break_idol, 5_3_bskull, 5_3_rskull"]
					},
					{
						"name": "Cleared 5-3",
						"access_rules": ["$has_fist,$can_break_idol,5_3_bskull","$has_fist,$can_break_idol,5_3_rskull"],
						"hosted_item": "lvlcomplete"
					},
					{
						"name": "Don't touch any water",
						"visibility_rules": ["challenge"],
						"access_rules": ["$has_fist,$can_break_idol,slide,$dash3,$jump_gen2, 5_3_bskull, 5_3_rskull"]
					},
					{
						"name": "P Rank",
						"visibility_rules": ["prank"],
						"access_rules": ["$good_weapon,$has_fist,$can_break_idol,5_3_bskull","$good_weapon,$has_fist,$can_break_idol,5_3_rskull"]
					}
				],
				"map_locations": [
					{
						"map": "levelselect",
						"x":1179,
						"y":521
					}
				]
			},
			{
				"name": "5-4 LEVIATHAN",
				"access_rules": ["5_4_access,$goal_not_5", "goal5,$goal_reach","l5_access,$goal_not_5"],
				"sections": [
					{
						"name": "Defeat the Leviathan",
						"visibility_rules": ["bossstd"],
						"access_rules": ["$good_weapon"]
					},
					{
						"name": "Cleared 5-4",
						"visibility_rules": ["5_4_access","l5_access"],
						"access_rules": [""],
						"hosted_item": "lvlcomplete"
					},
					{
						"name": "Goal Cleared",
						"visibility_rules": ["goal5,$goal_reach"],
						"access_rules": [""]
					},
					{
						"name": "Reach the surface in under 10 seconds",
						"visibility_rules": ["challenge"],
						"access_rules": ["$good_weapon,$has_rock0_fire2"]
					},
					{
						"name": "P Rank",
						"visibility_rules": ["prank"],
						"access_rules": ["$good_weapon,$has_rock0_fire2"]
					}
				],
				"map_locations": [
					{
						"map": "levelselect",
						"x": 1357,
						"y": 521
					}
				]
			},
			{
				"name": "5-S I ONLY SAY MORNIN",
				"visibility_rules": ["skullsoff,fish"],
				"access_rules": ["5_1_access,$level_5_1,slide,$has_fist","l5_access,$level_5_1,slide,$has_fist"],
				"sections": [
					{
						"name": "Funny Stupid Fish (Friend)",
						"access_rules": []
					},
					{
						"name": "PITR Fish",
						"access_rules": []
					},
					{
						"name": "Trout",
						"access_rules": []
					},
					{
						"name": "Metal Fish",
						"access_rules": []
					},
					{
						"name": "Chomper",
						"access_rules": []
					},
					{
						"name": "Bomb Fish",
						"access_rules": []
					},
					{
						"name": "Eyeball",
						"access_rules": []
					},
					{
						"name": "Frog (?)",
						"access_rules": []
					},
					{
						"name": "Dope Fish",
						"access_rules": []
					},
					{
						"name": "Stickfish",
						"access_rules": []
					},
					{
						"name": "Cooked Fish",
						"access_rules": []
					},
					{
						"name": "Shark",
						"access_rules": []
					}
				],
				"map_locations": [
					{
						"map": "levelselect",
						"x":1358,
						"y":425
					}
				]
			},
			{
				"name": "5-S I ONLY SAY MORNIN (Skulls)",
				"visibility_rules": ["skullson,fish"],
				"access_rules": ["5_1_access,$level_5_1,slide,$has_fist,$has_5_1_skull","l5_access,$level_5_1,slide,$has_fist,$has_5_1_skull"],
				"sections": [
					{
						"name": "Funny Stupid Fish (Friend)",
						"access_rules": []
					},
					{
						"name": "PITR Fish",
						"access_rules": []
					},
					{
						"name": "Trout",
						"access_rules": []
					},
					{
						"name": "Metal Fish",
						"access_rules": []
					},
					{
						"name": "Chomper",
						"access_rules": []
					},
					{
						"name": "Bomb Fish",
						"access_rules": []
					},
					{
						"name": "Eyeball",
						"access_rules": []
					},
					{
						"name": "Frog (?)",
						"access_rules": []
					},
					{
						"name": "Dope Fish",
						"access_rules": []
					},
					{
						"name": "Stickfish",
						"access_rules": []
					},
					{
						"name": "Cooked Fish",
						"access_rules": []
					},
					{
						"name": "Shark",
						"access_rules": []
					}
				],
				"map_locations": [
					{
						"map": "levelselect",
						"x":1358,
						"y":425
					}
				]
			},
			{
				"name": "6-1 CRY FOR THE WEEPER",
				"visibility_rules": ["skullsoff"],
				"access_rules": ["6_1_access","l6_access"],
				"sections": [
					{
						"name": "Secret #1",
						"access_rules": []
					},
					{
						"name": "Secret #2",
						"access_rules": ["$has_fist"]
					},
					{
						"name": "Secret #3",
						"access_rules": ["$has_fist"]
					},
					{
						"name": "Secret #4",
						"access_rules": ["$has_fist,$jump_gen1"]
					},
					{
						"name": "Secret #5",
						"access_rules": ["$has_fist,$can_break_idol,$jump_gen2"]
					},
					{
						"name": "Cleared 6-1",
						"access_rules": ["$has_fist,$can_break_idol,$jump_gen1"],
						"hosted_item": "lvlcomplete"
					},
					{
						"name": "Beat the secret encounter",
						"visibility_rules": ["challenge"],
						"access_rules": ["$has_fist,$jump_gen1"]
					},
					{
						"name": "P Rank",
						"visibility_rules": ["prank"],
						"access_rules": ["$good_weapon,$has_fist,$can_break_idol,$jump_gen1"]
					}
				],
				"map_locations": [
					{
						"map": "levelselect",
						"x":900,
						"y":734
					}
				]
			},
			{
				"name": "6-1 CRY FOR THE WEEPER (Skulls)",
				"visibility_rules": ["skullson"],
				"access_rules": ["6_1_access","l6_access"],
				"sections": [
					{
						"name": "Secret #1",
						"access_rules": []
					},
					{
						"name": "Secret #2",
						"access_rules": ["$has_fist,6_1_rskull"]
					},
					{
						"name": "Secret #3",
						"access_rules": ["$has_fist,6_1_rskull"]
					},
					{
						"name": "Secret #4",
						"access_rules": ["$has_fist,$jump_gen1,6_1_rskull"]
					},
					{
						"name": "Secret #5",
						"access_rules": ["$has_fist,$can_break_idol,$jump_gen2,6_1_rskull"]
					},
					{
						"name": "Cleared 6-1",
						"access_rules": ["$has_fist,$can_break_idol,$jump_gen1,6_1_rskull"],
						"hosted_item": "lvlcomplete"
					},
					{
						"name": "Beat the secret encounter",
						"visibility_rules": ["challenge"],
						"access_rules": ["$has_fist,$jump_gen1,6_1_rskull"]
					},
					{
						"name": "P Rank",
						"visibility_rules": ["prank"],
						"access_rules": ["$good_weapon,$has_fist,$can_break_idol,$jump_gen1,6_1_rskull"]
					}
				],
				"map_locations": [
					{
						"map": "levelselect",
						"x":900,
						"y":734
					}
				]
			},
			{
				"name": "6-2 AESTHETICS OF HATE",
				"access_rules": ["6_2_access,$goal_not_6", "goal6,$goal_reach","l6_access,$goal_not_6"],
				"sections": [
					{
						"name": "Defeat Gabriel",
						"visibility_rules": ["bossstd"],
						"access_rules": ["$level_6_2,$good_weapon"]
					},
					{
						"name": "Cleared 6-2",
						"visibility_rules": ["6_2_access","l6_access"],
						"access_rules": ["$level_6_2,$good_weapon"],
						"hosted_item": "lvlcomplete"
					},
					{
						"name": "Goal Cleared",
						"visibility_rules": ["goal6,$goal_reach"],
						"access_rules": ["$level_6_2,$good_weapon"]
					},
					{
						"name": "Hit Gabriel into the ceiling",
						"visibility_rules": ["challenge"],
						"access_rules": ["$level_6_2,$good_weapon,$has_rock"]
					},
					{
						"name": "P Rank",
						"visibility_rules": ["prank"],
						"access_rules": ["$level_6_2,$good_weapon"]
					}
				],
				"map_locations": [
					{
						"map": "levelselect",
						"x": 1260,
						"y": 734
					}
				]
			},
			{
				"name": "7-1 GARDEN OF FORKING PATHS",
				"visibility_rules": ["skullsoff"],
				"access_rules": ["7_1_access","l7_access"],
				"sections": [
					{
						"name": "Secret #1",
						"access_rules": ["$jump_gen2"]
					},
					{
						"name": "Secret #2",
						"access_rules": ["slide,$jump_gen1"]
					},
					{
						"name": "Secret #3",
						"access_rules": ["$has_fist,$jump_gen1"]
					},
					{
						"name": "Secret #4",
						"access_rules": ["$has_fist,$jump_gen2"]
					},
					{
						"name": "Secret #5",
						"access_rules": ["$has_fist,$jump_gen2"]
					},
					{
						"name": "Cleared 7-1",
						"access_rules": ["$has_fist,$jump_gen1"],
						"hosted_item": "lvlcomplete"
					},
					{
						"name": "Beat the secret encounter",
						"visibility_rules": ["challenge"],
						"access_rules": ["$has_fist"]
					},
					{
						"name": "P Rank",
						"visibility_rules": ["prank"],
						"access_rules": ["$good_weapon,$has_fist,$jump_gen1"]
					}
				],
				"map_locations": [
					{
						"map": "levelselect",
						"x":1550,
						"y":326
					}
				]
			},
			{
				"name": "7-1 GARDEN OF FORKING PATHS (Skulls)",
				"visibility_rules": ["skullson"],
				"access_rules": ["7_1_access","l7_access"],
				"sections": [
					{
						"name": "Secret #1",
						"access_rules": ["$jump_gen2"]
					},
					{
						"name": "Secret #2",
						"access_rules": ["slide,$jump_gen1"]
					},
					{
						"name": "Secret #3",
						"access_rules": ["$has_fist,$jump_gen1,7_1_rskull,7_1_bskull"]
					},
					{
						"name": "Secret #4",
						"access_rules": ["$has_fist,$jump_gen2,7_1_rskull,7_1_bskull"]
					},
					{
						"name": "Secret #5",
						"access_rules": ["$has_fist,$jump_gen2,7_1_rskull,7_1_bskull"]
					},
					{
						"name": "Cleared 7-1",
						"access_rules": ["$has_fist,$jump_gen1,7_1_rskull,7_1_bskull"],
						"hosted_item": "lvlcomplete"
					},
					{
						"name": "Beat the secret encounter",
						"visibility_rules": ["challenge"],
						"access_rules": ["$has_fist,7_1_rskull,7_1_bskull"]
					},
					{
						"name": "P Rank",
						"visibility_rules": ["prank"],
						"access_rules": ["$good_weapon,$has_fist,$jump_gen1,7_1_rskull,7_1_bskull"]
					}
				],
				"map_locations": [
					{
						"map": "levelselect",
						"x":1550,
						"y":326
					}
				]
			},
			{
				"name": "7-2 LIGHT UP THE NIGHT",
				"visibility_rules": ["skullsoff,vswitchoff"],
				"access_rules": ["7_2_access","l7_access"],
				"sections": [
					{
						"name": "Secret #1",
						"access_rules": ["arm2,$wall_jump1","arm2,$dash1"]
					},
					{
						"name": "Secret #2",
						"access_rules": ["arm2"]
					},
					{
						"name": "Secret #3",
						"access_rules": ["arm2"]
					},
					{
						"name": "Secret #4",
						"access_rules": ["arm2"]
					},
					{
						"name": "Secret #5",
						"access_rules": ["arm2"]
					},
					{
						"name": "Secret Weapon",
						"access_rules": ["arm2,$dash1"]
					},
					{
						"name": "Cleared 7-2",
						"access_rules": ["arm2"],
						"hosted_item": "lvlcomplete"
					},
					{
						"name": "Don't kill any enemies",
						"visibility_rules": ["challenge"],
						"access_rules": ["arm2,$can_break_wall"]
					},
					{
						"name": "P Rank",
						"visibility_rules": ["prank"],
						"access_rules": ["$good_weapon,arm2"]
					}
				],
				"map_locations": [
					{
						"map": "levelselect",
						"x":1723,
						"y":326
					}
				]
			},
			{
				"name": "7-2 LIGHT UP THE NIGHT (Skulls)",
				"visibility_rules": ["skullson,vswitchoff"],
				"access_rules": ["7_2_access","l7_access"],
				"sections": [
					{
						"name": "Secret #1",
						"access_rules": ["arm2,$wall_jump1","arm2,$dash1"]
					},
					{
						"name": "Secret #2",
						"access_rules": ["arm2"]
					},
					{
						"name": "Secret #3",
						"access_rules": ["arm2"]
					},
					{
						"name": "Secret #4",
						"access_rules": ["arm2"]
					},
					{
						"name": "Secret #5",
						"access_rules": ["arm2"]
					},
					{
						"name": "Secret Weapon",
						"access_rules": ["arm2,$dash1"]
					},
					{
						"name": "Cleared 7-2",
						"access_rules": ["arm2,7_2_rskull"],
						"hosted_item": "lvlcomplete"
					},
					{
						"name": "Don't kill any enemies",
						"visibility_rules": ["challenge"],
						"access_rules": ["arm2,$can_break_wall,7_2_rskull"]
					},
					{
						"name": "P Rank",
						"visibility_rules": ["prank"],
						"access_rules": ["$good_weapon,arm2,7_2_rskull"]
					}
				],
				"map_locations": [
					{
						"map": "levelselect",
						"x":1723,
						"y":326
					}
				]
			},
			{
				"name": "7-2 LIGHT UP THE NIGHT (Switch)",
				"visibility_rules": ["skullsoff,vswitchon"],
				"access_rules": ["7_2_access","l7_access"],
				"sections": [
					{
						"name": "Secret #1",
						"access_rules": ["arm2,$wall_jump1","arm2,$dash1"]
					},
					{
						"name": "Secret #2",
						"access_rules": ["arm2"]
					},
					{
						"name": "Secret #3",
						"access_rules": ["arm2"]
					},
					{
						"name": "Secret #4",
						"access_rules": ["arm2"]
					},
					{
						"name": "Secret #5",
						"access_rules": ["arm2"]
					},
					{
						"name": "Switch #1",
						"access_rules": ["arm2,$dash1"]
					},
					{
						"name": "Switch #2",
						"access_rules": ["arm2,$dash1"]
					},
					{
						"name": "Switch #3",
						"access_rules": ["arm2,$dash1"]
					},
					{
						"name": "Secret Weapon",
						"access_rules": ["arm2,vswitch1,vswitch2,vswitch3"]
					},
					{
						"name": "Cleared 7-2",
						"access_rules": ["arm2"],
						"hosted_item": "lvlcomplete"
					},
					{
						"name": "Don't kill any enemies",
						"visibility_rules": ["challenge"],
						"access_rules": ["arm2,$can_break_wall"]
					},
					{
						"name": "P Rank",
						"visibility_rules": ["prank"],
						"access_rules": ["$good_weapon,arm2"]
					}
				],
				"map_locations": [
					{
						"map": "levelselect",
						"x":1723,
						"y":326
					}
				]
			},
			{
				"name": "7-2 LIGHT UP THE NIGHT (Skulls, Switch)",
				"visibility_rules": ["skullson,vswitchon"],
				"access_rules": ["7_2_access","l7_access"],
				"sections": [
					{
						"name": "Secret #1",
						"access_rules": ["arm2,$wall_jump1","arm2,$dash1"]
					},
					{
						"name": "Secret #2",
						"access_rules": ["arm2"]
					},
					{
						"name": "Secret #3",
						"access_rules": ["arm2"]
					},
					{
						"name": "Secret #4",
						"access_rules": ["arm2"]
					},
					{
						"name": "Secret #5",
						"access_rules": ["arm2"]
					},
					{
						"name": "Switch #1",
						"access_rules": ["arm2,$dash1"]
					},
					{
						"name": "Switch #2",
						"access_rules": ["arm2,$dash1"]
					},
					{
						"name": "Switch #3",
						"access_rules": ["arm2,$dash1,7_2_rskull"]
					},
					{
						"name": "Secret Weapon",
						"access_rules": ["arm2,vswitch1,vswitch2,vswitch3"]
					},
					{
						"name": "Cleared 7-2",
						"access_rules": ["arm2,7_2_rskull"],
						"hosted_item": "lvlcomplete"
					},
					{
						"name": "Don't kill any enemies",
						"visibility_rules": ["challenge"],
						"access_rules": ["arm2,$can_break_wall,7_2_rskull"]
					},
					{
						"name": "P Rank",
						"visibility_rules": ["prank"],
						"access_rules": ["$good_weapon,arm2,7_2_rskull"]
					}
				],
				"map_locations": [
					{
						"map": "levelselect",
						"x":1723,
						"y":326
					}
				]
			},
			{
				"name": "7-3 NO SOUND, NO MEMORY",
				"access_rules": ["7_3_access","l7_access"],
				"sections": [
					{
						"name": "Secret #1",
						"access_rules": []
					},
					{
						"name": "Secret #2",
						"access_rules": []
					},
					{
						"name": "Secret #3",
						"access_rules": []
					},
					{
						"name": "Secret #4",
						"access_rules": []
					},
					{
						"name": "Secret #5",
						"access_rules": ["slide"]
					},
					{
						"name": "Cleared 7-3",
						"access_rules": [],
						"hosted_item": "lvlcomplete"
					},
					{
						"name": "Become marked for death",
						"visibility_rules": ["challenge"],
						"access_rules": []
					},
					{
						"name": "P Rank",
						"visibility_rules": ["prank"],
						"access_rules": ["$good_weapon"]
					}
				],
				"map_locations": [
					{
						"map": "levelselect",
						"x":1902,
						"y":326
					}
				]
			},
			{
				"name": "7-4 ...LIKE ANTENNAS TO HEAVEN",
				"access_rules": ["7_4_access,$goal_not_7", "goal7,$goal_reach","l7_access,$goal_not_7"],
				"sections": [
					{
						"name": "Defeat 1000-THR \"Earthmover\"",
						"visibility_rules": ["bossstd"],
						"access_rules": ["slide,$can_break_idol,arm2","slide,$can_break_idol,$slam_storage"]
					},
					{
						"name": "Cleared 7-4",
						"visibility_rules": ["7_4_access","l7_access"],
						"access_rules": ["slide,$can_break_idol,arm2","slide,$can_break_idol,$slam_storage"],
						"hosted_item": "lvlcomplete"
					},
					{
						"name": "Goal Cleared",
						"visibility_rules": ["goal7,$goal_reach"],
						"access_rules": ["slide,$can_break_idol,arm2","slide,$can_break_idol,$slam_storage"]
					},
					{
						"name": "Don't fight the security system",
						"visibility_rules": ["challenge"],
						"access_rules": ["slide,$can_break_idol,arm2,$can_zap","slide,$can_break_idol,$slam_storage,$can_zap"]
					},
					{
						"name": "P Rank",
						"visibility_rules": ["prank"],
						"access_rules": ["slide,$can_break_idol,arm2"]
					}
				],
				"map_locations": [
					{
						"map": "levelselect",
						"x": 2077,
						"y": 326
					}
				]
			},
			{
				"name": "7-S HELL BATH NO FURY",
				"visibility_rules": ["skullsoff,clean"],
				"access_rules": ["7_3_access,$has_fist","l7_access,$has_fist"],
				"sections": [
					{
						"name": "Cleaned Courtyard",
						"access_rules": []
					},
					{
						"name": "Cleaned Library",
						"access_rules": []
					},
					{
						"name": "Cleaned Lobby",
						"access_rules": []
					},
					{
						"name": "Cleaned Lounge",
						"access_rules": []
					},
					{
						"name": "Cleaned Side Room",
						"access_rules": []
					}
				],
				"map_locations": [
					{
						"map": "levelselect",
						"x":2077,
						"y":221
					}
				]
			},
			{
				"name": "7-S HELL BATH NO FURY (Skulls)",
				"visibility_rules": ["skullson,clean"],
				"access_rules": ["7_3_access,$has_fist,7_s_bskull,7_s_rskull","l7_access,$has_fist,7_s_bskull,7_s_rskull"],
				"sections": [
					{
						"name": "Cleaned Courtyard",
						"access_rules": []
					},
					{
						"name": "Cleaned Library",
						"access_rules": []
					},
					{
						"name": "Cleaned Lobby",
						"access_rules": []
					},
					{
						"name": "Cleaned Lounge",
						"access_rules": []
					},
					{
						"name": "Cleaned Side Room",
						"access_rules": []
					}
				],
				"map_locations": [
					{
						"map": "levelselect",
						"x":2077,
						"y":221
					}
				]
			},
			{
				"name": "P-1 SOUL SURVIVOR",
				"access_rules": ["p_1_access,$goal_not_p1", "goalp1,$goal_reach"],
				"sections": [
					{
						"name": "Cleared P-1",
						"visibility_rules": ["p_1_access,$goal_not_p1"],
						"access_rules": [""],
						"hosted_item": "lvlcomplete"
					},
					{
						"name": "Goal Cleared",
						"visibility_rules": ["goalp1,$goal_reach"],
						"access_rules": [""]
					}
				],
				"map_locations": [
					{
						"map": "levelselect",
						"x": 1715,
						"y": 109
					}
				]
			},
			{
				"name": "P-2 WAIT OF THE WORLD",
				"access_rules": ["p_2_access,$goal_not_p2", "goalp2,$goal_reach"],
				"sections": [
					{
						"name": "Cleared P-2",
						"visibility_rules": ["p_2_access,$goal_not_p2"],
						"access_rules": [""],
						"hosted_item": "lvlcomplete"
					},
					{
						"name": "Goal Cleared",
						"visibility_rules": ["goalp2,$goal_reach"],
						"access_rules": [""]
					}
				],
				"map_locations": [
					{
						"map": "levelselect",
						"x": 1880,
						"y": 109
					}
				]
			},
			{
				"name": "Shop",
				"access_rules": ["$shop_access"],
				"sections": [
					{
						"name": "Buy Revolver Variant 1",
						"access_rules": ["rev0","rev1","rev2"]
					},
					{
						"name": "Buy Revolver Variant 2",
						"access_rules": ["rev0","rev1","rev2"]
					},
					{
						"name": "Buy Shotgun Variant 1",
						"access_rules": ["sho0","sho1","sho2"]
					},
					{
						"name": "Buy Shotgun Variant 2",
						"access_rules": ["sho0","sho1","sho2"]
					},
					{
						"name": "Buy Nailgun Variant 1",
						"access_rules": ["nai0","nai1","nai2"]
					},
					{
						"name": "Buy Nailgun Variant 2",
						"access_rules": ["nai0","nai1","nai2"]
					},
					{
						"name": "Buy Railcannon Variant 1",
						"access_rules": ["rai0","rai1","rai2"]
					},
					{
						"name": "Buy Railcannon Variant 2",
						"access_rules": ["rai0","rai1","rai2"]
					},
					{
						"name": "Buy Rocket Launcher Variant 1",
						"access_rules": ["rock0","rock1","rock2"]
					},
					{
						"name": "Buy Rocket Launcher Variant 2",
						"access_rules": ["rock0","rock1","rock2"]
					},
				],
				"map_locations": [
					{
						"map": "levelselect",
						"x": 918,
						"y": 84
					}
				]
			},
			{
				"name": "Museum",
				"access_rules": [],
				"sections": [
					{
						"name": "Win chess",
						"visibility_rules": ["chess"],
						"access_rules": []
					},
					{
						"name": "Win rocket race",
						"visibility_rules": ["rockrace"],
						"access_rules": ["$has_rock0_fire2"]
					},
				],
				"map_locations": [
					{
						"map": "levelselect",
						"x": 1359,
						"y": 104
					}
				]
			}
		]
	}
]